,record_id,entity
0,124900101,['Carr']
1,89760874,"['Henry', 'Bessemer']"
2,89760874,"['William', 'Siemens']"
3,89760874,"['Joseph', 'Whitworth']"
4,89760874,"['Thomas', 'Brown']"
5,89760874,"['Henry', 'Brown']"
6,89659668,['Byron']
7,89659668,['W']
8,89659668,['Johnson']
9,89659668,['Clare']
10,124736362,['Ver']
11,124736362,['Aldavini']
12,125250815,['Fox']
13,90548600,"['William', 'Michael', 'Rossetti']"
14,90548600,"['Theodore', 'Watts']"
15,137131257,"['Robort', 'Louis', 'Stevenson']"
16,137131257,['Stevenson']
17,137131257,['Jokyl']
18,137131257,['IHydmo']
19,124736216,['Ames']
20,124736216,['Benson']
21,124736216,['Evans']
22,124736216,['Amnes']
23,137077872,['Royce']
24,90287585,"['Arthur', 'Mlachlen']"
25,90359967,['Morse']
26,90359967,['Morsels']
27,90105768,['Brooke']
28,90559137,['Benson']
29,89650108,"['Walter', 'Armstrong']"
30,124460722,['Hissef']
31,124460722,['Alice']
32,89675866,"['James', 'Darmesteter']"
33,89675866,['DuClaux']
34,89675866,"['Mary', 'DuClaux']"
35,89675866,['Lanson']
36,89675866,"['Walter', 'Scott']"
37,89675866,"['Du', 'Claux']"
38,89675866,"['de', 'Maintenon']"
39,89675866,"['de', 'Svigne']"
40,89675866,"['de', 'Stael']"
41,124151303,['Forbush']
42,124189638,"['Peroy', 'Gardner']"
43,124189638,['Gardner']
44,125728562,['Freeman']
45,125728562,['Labatt']
46,125728562,"['Farnham', 'Pp']"
47,136927995,['Allen']
48,136927995,"['H', 'R', 'Fairclough']"
49,90582707,"['Leo', 'Wiener']"
50,90582707,['Wiener']
51,124742287,['W']
52,90710064,['Austin']
53,90710064,"['Robert', 'Hicliens']"
54,90710064,['Hichens']
55,125248726,['Hartmann']
56,125284689,"['Van', 'Rensselaer']"
57,124882878,"['Andrew', 'Jackson']"
58,124882878,['Lecky']
59,124882878,['Burgess']
60,124882878,"['Goldwin', 'Smith']"
61,90444175,['Washington']
62,90444175,"['General', 'Ruffner']"
63,124752239,['Dougall']
64,124752239,['Deland']
65,124752239,['Dougahl']
66,136707079,['Allen']
67,124744486,['Synions']
68,124744486,['Symons']
69,124744486,"['Erasmus', 'Dar']"
70,124744486,"['Egerton', 'Brydges']"
71,124744486,"['Eger', 'ton', 'Brydges']"
72,124451296,['Dawson']
73,124451296,['Munchausen']
74,124451296,['Somerset']
75,124451296,"['Arthur', 'H', 'Pollen']"
76,124451296,['Brick']
77,124451296,"['Somerset', 'says', 'Fifty']"
78,127446458,"['Chnrles', 'Ilureoford']"
79,127446458,"['Cbarles', 'Bereatord']"
80,90390994,['Graham']
81,90390994,"['said', 'Oh']"
82,90272171,['Alaughmai']
83,90272171,['Maughiais']
84,90272171,['Alaughaiu']
85,90099356,['Brown']
86,90099356,"['Robert', 'Oh']"
87,136758573,"['R', 'G', 'Watson']"
88,136758573,['Browne']
89,89664544,"['E', 'Belfast', 'Bax']"
90,89664544,['Bax']
91,124909790,['Church']
92,124909790,['Ilium']
93,124909790,['Chiurch']
94,124909790,['Parrish']
95,124909790,['Chlitrch']
96,124909790,['Hlynernats']
97,124909790,['Freer']
98,90135638,"['J', 'Estlin', 'Carpenter']"
99,90135638,"['William', 'B', 'Carpenter']"
100,90135638,['Carpenter']
101,89751266,['Towle']
102,89751266,"['Beacons', 'field', 'Castelar', 'Victor', 'Hugo', 'John', 'Bright']"
103,90159404,"['Amelia', 'E', 'Barr']"
104,90159404,['Barr']
105,90598758,['Conway']
106,90598758,['Lincoln']
107,90598758,['Clifford']
108,90598758,['Twitchell']
109,90598758,"['Twichell', 'II']"
110,89676173,"['Francis', 'Gribble']"
111,89676173,['Gribble']
112,89676173,['Hugo']
113,89676173,"['Gribble', 'shows', 'us', 'Hugo']"
114,89676173,"['Marie', 'Corelli']"
115,90631209,['Usher']
116,90622858,['Mahin']
117,89683657,['Pictures']
118,89683657,['Waagen']
119,89683657,"['C', 'Hofstede', 'de', 'Groot']"
120,127542608,['Luckook']
121,89653017,['Mary']
122,89653017,"['C', 'Kinloch', 'Cooke']"
123,89653017,"['John', 'Falstaff']"
124,89653017,['Cooke']
125,89653017,['Glad']
126,89653017,['Alexander']
127,124747684,['Harhen']
128,124747684,['Tarben']
129,124747684,['Harbent']
130,124747684,['H']
131,124747684,['Harben']
132,125348650,"['G', 'Frederick', 'Wright', 'Given']"
133,125272943,['Ferguson']
134,124766315,"['Van', 'Rensselaer']"
135,136964116,['Hadley']
136,124178806,['Phillip']
137,124178806,['Phillips']
138,125715359,['Mill']
139,125715359,['Campbell']
140,137097377,['Howells']
141,89671396,['Clarke']
142,90153449,['Mason']
143,90153449,['Stuart']
144,90153449,['Wash']
145,90154588,['Gosse']
146,90154588,"['W', 'J', 'Rolfe']"
147,90154588,['Rolfe']
148,90546389,"['Henry', 'Wysham', 'Lanier']"
149,125547097,['Robinson']
150,125547097,['Parsons']
151,124907408,['Schuchardt']
152,124907408,['Hale']
153,90142613,"['E', 'L', 'Voynich']"
154,90537156,['Bryce']
155,90537156,['Howe']
156,90537156,"['H', 'G', 'Wells']"
157,90164528,['Stedman']
158,90164528,['Jebb']
159,90164528,['Tyrrell']
160,90164528,['Conington']
161,89662238,"['AV', 'Robertson', 'Nicoll']"
162,89662238,"['Alexander', 'Balntain', 'Brtce', 'Dl']"
163,89662238,['Dods']
164,89662238,['Bruce']
165,90528767,['Garrod']
166,90528767,['Garro']
167,89649785,['Ripley']
168,126400532,['Green']
169,90251773,['Patrick']
170,90251773,"['Previte', 'Orton']"
171,90251773,"['Previtd', 'Orton']"
172,90251773,"['Holland', 'Gray']"
173,124900705,"['Daniel', 'Wilson']"
174,124900705,['Wilson']
175,124900705,"['Sybil', 'Wilson']"
176,124900705,"['Ignatius', 'Donnelly']"
177,124764451,['Matthews']
178,124740955,['Brathers']
179,124740955,['Jewell']
180,90126262,['Rolfe']
181,90126262,"['F', 'G', 'Fleay']"
182,90126262,['Hudson']
183,90085409,['Walford']
184,90085409,['Smith']
185,90085409,['Smzith']
186,90085409,['Matilda']
187,90630633,"['Everard', 'Cotes', 'Sarajeannette', 'Duncan', 'New', 'York', 'ID', 'Appleton', 'Co']"
188,90630633,['Cotes']
189,89636788,"['Henry', 'Maine']"
190,89636788,"['Herbert', 'Spencer']"
191,89636788,"['Staniland', 'Wake']"
192,89636788,['Starcke']
193,89636788,['Darwin']
194,89636788,['Spencer']
195,89636788,['Westermarek']
196,136412237,['Schaff']
197,136412237,['J']
198,136412237,"['ScArFF', 'DD', 'LLD']"
199,136412237,['SAMUEL']
200,136413083,['WOOLSEY']
201,124904526,['Knight']
202,90097518,['Buchanan']
203,136145477,"['Arthur', 'C', 'Hill']"
204,136145477,['Hill']
205,136145477,"['Hill', 'says', 'Christian']"
206,136887509,['Bramwell']
207,136887509,"['Herbert', 'Page']"
208,90306296,['Drake']
209,124754571,"['W', 'B', 'MIaxwell']"
210,124754571,['Maxwell']
211,124754571,['Barradine']
212,124754571,['Barra']
213,90187613,"['W', 'E', 'Simonds']"
214,90187613,['Simonds']
215,90187613,"['Thons', 'Wyatt']"
216,90187613,"['Thomas', 'Wyatt']"
217,90187613,['Nott']
218,125730521,['Abbott']
219,90606790,"['Talbot', 'J', 'Taylor']"
220,90606790,['Taylor']
221,90579980,['Wallace']
222,90579980,['Newcomb']
223,90542092,['Edward']
224,90542092,"['Lloyd', 'George']"
225,90542092,['Devine']
226,137195890,['Curtis']
227,137195890,['Cultis']
228,137195890,['Kimhleni']
229,137195890,['Fordher']
230,137195890,['Kimiien']
231,137195890,['Kiiiiein']
232,90944121,['Warren']
233,90944121,['Andrews']
234,90944121,['Channing']
235,90048854,"['Alexander', 'Winchell']"
236,90048854,"['Alexander', 'Winchell', 'LLD']"
237,90048854,"['J', 'Strong', 'Plainly']"
238,90048854,['Winchell']
239,90048854,['Win']
240,125734890,"['L', 'Joubin']"
241,137744808,['Redfield']
242,136617842,['Smith']
243,90621097,['Burnett']
244,90621097,['Porter']
245,125236598,['Barker']
246,125236598,['Baker']
247,125236598,['Henry']
248,125236598,['Christian']
249,125236598,"['Francis', 'Peabody']"
250,125236598,"['Du', 'Bois']"
251,125236598,['DuoBois']
252,136619825,['Plantz']
253,136619825,['Debs']
254,90132097,['Brattle']
255,90132097,['Follen']
256,90132097,['Mason']
257,90132097,['Shepard']
258,90132097,['Berkeley']
259,90132097,['Lee']
260,90132097,['Way']
261,90132097,['Washington']
262,90132097,"['Martineau', 'Gaining']"
263,90132097,['Martineau']
264,90569421,['Godkin']
265,90569421,"['Garrison', 'Everywhere']"
266,137449682,['Greene']
267,136492393,['Marshall']
268,126443468,['Houghton']
269,136113370,['Dargan']
270,136113370,['Broadax']
271,136113370,['Broad']
272,126389415,"['Robert', 'Peel', 'Bishop', 'Wilber']"
273,126389415,"['George', 'Bentinck']"
274,126389415,"['Ashburton', 'Lockhart']"
275,126389415,['Lyndhurst']
276,126389415,"['Walter', 'Scott']"
277,126389415,['Fain']
278,126389415,['Paget']
279,90126417,"['George', 'William', 'Curtis']"
280,90126417,['Eaton']
281,90126417,['Bute']
282,90126417,['North']
283,90126417,['Jencks']
284,124359262,"['der', 'Geschichte']"
285,124359262,['Pastor']
286,136142931,['R']
287,136142931,"['Francis', 'Brown']"
288,136142931,['Briggs']
289,90313218,"['Cabot', 'Lodge']"
290,90313218,['Adams']
291,90313218,['Morse']
292,90313218,['Oallatir']
293,90313218,['Htevens']
294,90313218,['Lodge']
295,90313218,['Gallatinsfl']
296,90313218,['Gailatin']
297,90313218,['Stevens']
298,90313218,['Clallatiiis']
299,90313218,['Jefferson']
300,90313218,['Qallathi']
301,124896942,['Spielmann']
302,124896942,"['Printer', 'Last']"
303,124896942,['Landells']
304,124896942,['Mayhew']
305,124896942,['Pennell']
306,124896942,['Puneh']
307,90739286,['Barclay']
308,89667045,['Barnett']
309,89667045,['Elzas']
310,89644579,"['Georgiana', 'Hill']"
311,124764143,"['H', 'G', 'Wells']"
312,124764143,['Wells']
313,124764143,['Edison']
314,124764143,"['Wells', 'Suppose']"
315,90635208,['Gummere']
316,90635208,['Hadzsits']
317,90635208,['Robinson']
318,90635208,['Guinmere']
319,90635208,"['Osler', 'Maeterlinck']"
320,90635208,"['Gummere', 'writes', 'Seneca']"
321,124764069,['Grosse']
322,124764069,"['Lillie', 'Grove']"
323,136621698,['Washburn']
324,136621698,['Rupert']
325,124345912,['Jackson']
326,90440078,['Alexander']
327,90440078,['Cosimo']
328,125727674,"['Alfred', 'Hirchhoffund']"
329,125727674,"['Willi', 'Ule']"
330,124892989,['Harraden']
331,90500700,['Roberts']
332,89680665,['Hale']
333,89680665,['Burnham']
334,136750674,['Hall']
335,136750674,['Martineau']
336,137173034,"['J', 'GraceCI']"
337,137173034,['Gracey']
338,90121448,"['George', 'Moore']"
339,125248292,['Wormley']
340,125248292,"['W', 'Fresenius']"
341,125248292,['Attfield']
342,125248292,['Vormley']
343,125248292,['Wright']
344,125248292,['Wormlev']
345,125248292,['Sorby']
346,125248292,['Johnston']
347,89686172,['Garland']
348,89686172,['Gar']
349,89689843,['Jones']
350,90838561,"['Paul', 'Dubois', 'Pro']"
351,90173545,['Gibson']
352,125503432,['Bompiani']
353,124980283,['Cornish']
354,89671107,['Murdock']
355,89671107,"['Austin', 'Dobson']"
356,89671107,"['EARL', 'PErCys', 'B', 'DINwB', 'TABLE']"
357,89671107,['Boscawen']
358,89671107,"['Sarah', 'Bunbury']"
359,89671107,['Cauer']
360,89671107,"['Mather', 'Byles']"
361,89671107,['Percy']
362,89671107,['Byles']
363,89671107,['Goldsmith']
364,89671107,['Pope']
365,89671107,['Holland']
366,89671107,['Hollanid']
367,89671107,['Stuart']
368,89671107,['Vassall']
369,90499007,"['Sidney', 'Colrlu']"
370,90499007,['Colvin']
371,90135027,"['Thomas', 'Campion']"
372,90135027,"['John', 'C', 'Nimmo', 'King', 'William', 'Street', 'Strand', 'London']"
373,90135027,['Bullen']
374,136477222,"['E', 'J', 'Moure']"
375,124905252,"['Samuet', 'Longfellow', 'vo', 'Boston', 'Tcttnor']"
376,137579350,['Stubbs']
377,137579350,['Maitland']
378,137579350,['Seeley']
379,137579350,['Mait']
380,90128085,['Miln']
381,90128085,['Holmes']
382,89699729,['Wescott']
383,89699729,['Westcott']
384,136611293,['Briggs']
385,125290002,['Speer']
386,90186165,['Fisher']
387,136145177,"['Grait', 'Perkins']"
388,136145177,"['David', 'Keppel']"
389,136145177,"['Charles', 'E', 'Locke']"
390,136145177,"['W', 'W', 'W', 'Wilson']"
391,136145177,['Davenport']
392,136145177,['George']
393,124759360,['Oman']
394,124907497,['Lang']
395,124907497,['Proudie']
396,124907497,"['Crawley', 'nl', 'Sharp']"
397,124907497,"['Catherine', 'Morland']"
398,124907497,"['Eleanor', 'Tilney']"
399,124907497,['Rochester']
400,124907497,"['Eyre', 'Catherine']"
401,124907497,['Eyre']
402,124907497,"['Cecil', 'Tremayne']"
403,124907497,"['Alan', 'Breck']"
404,124907497,"['Barry', 'Lyndon']"
405,124907497,"['Charles', 'Honeyman']"
406,124907497,['Harriet']
407,124907497,['Gamp']
408,124907497,['Prig']
409,124907497,['Casaubon']
410,124907497,"['Allan', 'Quatermain']"
411,124907497,"['Henry', 'Curtis']"
412,124907497,"['Bret', 'Harte']"
413,126287557,['Runkle']
414,126287557,['Chinning']
415,126287557,['Channing']
416,126287557,['Frothingham']
417,126287557,['Charning']
418,126287557,['Hedge']
419,124891940,"['John', 'Addington', 'Symonds']"
420,124891940,['Symonds']
421,90142272,['Stone']
422,90142272,['James']
423,124488747,"['F', 'Edwvard', 'Iiulnse', 'Ee']"
424,124488747,"['Joshua', 'Reynolds']"
425,125502663,"['Matthew', 'Arnold', 'Yet']"
426,125502663,['Farrar']
427,125502663,['Beaconsfield']
428,125502663,['Stanley']
429,125502663,"['Short', 'Bishop']"
430,124777738,['Rawlinson']
431,124777738,"['Henry', 'Rawlinson']"
432,137412078,['Brastow']
433,89664298,['Acton']
434,89664298,"['Acton', 'Criticism']"
435,89664298,"['Aeton', 'Edited']"
436,89664298,['John']
437,89664298,"['Melville', 'Bigelow']"
438,89664298,['McMaster']
439,89664298,['Doyle']
440,89664298,['Bigelow']
441,89664298,['Nicolay']
442,89664298,"['Mary', 'Bateson', 'Lecturer']"
443,89664298,"['H', 'W', 'Wilson', 'another', 'English']"
444,89664298,"['Woodrow', 'Wilson']"
445,89664298,['Wilson']
446,89664298,['Schwab']
447,89664298,['Cleveland']
448,89664298,['Moore']
449,89664298,['Emery']
450,89664298,"['Barrett', 'Wendell']"
451,89664298,['Wendell']
452,136966375,['George']
453,136966375,['Gordon']
454,136966375,['Emmons']
455,124882811,['Welter']
456,124882811,['Anstey']
457,124882811,"['Harry', 'Merton']"
458,126338733,['Guard']
459,90133998,['Corbett']
460,137013746,['J']
461,137013746,['Fletcher']
462,89671364,['Whitney']
463,135644793,"['Theodor', 'Lipps']"
464,135644793,['Lipps']
465,135644793,['Helmholtz']
466,136578336,"['Robert', 'F', 'Horton']"
467,136578336,['Bradford']
468,136578336,['Pradford']
469,136578336,['Amory']
470,89644779,"['Jus', 'tice', 'Wilson']"
471,90502364,"['Ada', 'Earland']"
472,90502364,['Earland']
473,89664902,['Kelvin']
474,89664902,['Lincoln']
475,89664902,"['relieved', 'McClellan']"
476,89664902,['Davis']
477,89649761,"['Hiram', 'Cor']"
478,89649761,['Corson']
479,125208652,"['Jesus', 'Christ']"
480,136883708,['Hamilton']
481,136883708,['Sayre']
482,136883708,['Levis']
483,136883708,['Morton']
484,136883708,['Bigelow']
485,137653744,"['Julian', 'Hawthorne']"
486,137653744,"['Henry', 'Bright']"
487,124760371,"['Ashbourne', 'New', 'York', 'Longmans', 'Green', 'Co', 'Sw']"
488,124760371,['Ash']
489,124760371,"['Pretymnan', 'afterwards', 'Bishop', 'Tolifinc']"
490,124760371,['Pitt']
491,89686151,"['Theresa', 'Lewis']"
492,89686151,['Damer']
493,89686151,['Melville']
494,89686151,['Sheffield']
495,89686151,['Berry']
496,89686151,"['Damer', 'wvith', 'Mary', 'Berry']"
497,90145468,['Brace']
498,89639059,['Ilowolls']
499,89639059,"['Ke', 'gan', 'Paul']"
500,125247266,"['Sidney', 'Martin']"
501,125247266,['P']
502,125247266,"['Ernest', 'Hart']"
503,125247266,['Acland']
504,125247266,"['William', 'Osler']"
505,125247266,['H']
506,125247266,['Allbutt']
507,125247266,"['Thomas', 'Oliver']"
508,89633413,['Edwin']
509,89633413,['Cutler']
510,89633413,['Hale']
511,89633413,['Hill']
512,89633413,['Cut']
513,89633413,['Congress']
514,89633413,"['Mlanasseh', 'Cutler']"
515,89633413,"['W', 'F', 'Poole']"
516,89633413,"['William', 'F', 'Poole']"
517,89633413,"['Manasseh', 'Cutler']"
518,89633413,['Poole']
519,89633413,"['Cutler', 'See']"
520,89633413,"['ident', 'Adams']"
521,89633413,"['H', 'B', 'Adams']"
522,89633413,['Sato']
523,89633413,['CuSler']
524,89759190,['Arnold']
525,89668021,"['J', 'Morris']"
526,89668021,['Morris']
527,89668021,['Lanman']
528,136685639,['Timayenis']
529,136685639,['Symonds']
530,90128412,['Spencer']
531,136413923,['Storer']
532,136413923,['Johnson']
533,89646693,['Vida']
534,89646693,['Brandes']
535,89646693,['Scudder']
536,89646693,['Swinburne']
537,89646693,['Browning']
538,136114077,['Jonea']
539,89659229,"['Frank', 'Jesup', 'Scott']"
540,89659229,['Scott']
541,124141679,['Baltimore']
542,124335919,['Gladden']
543,124354297,['JOSEPH']
544,124354297,['Duryea']
545,124354297,['Montgomery']
546,124362987,['Mackennal']
547,124453505,"['Ilonry', 'Goorge', 'Many']"
548,124463057,['Dole']
549,124464853,['Craigie']
550,124466556,['Davis']
551,124466620,['Downey']
552,124471503,"['William', 'Hall']"
553,124471503,"['J', 'H', 'Nettlefold']"
554,124471503,['Cox']
555,124471503,['Froggat']
556,124471503,"['C', 'Birch']"
557,124471503,"['George', 'Brtscoe']"
558,124480872,['Stevenson']
559,124480872,['Osbourne']
560,124496758,['Ransome']
561,124699551,"['John', 'Canon']"
562,124733894,['Bodellbleini']
563,124737516,"['Sturge', 'Henderson']"
564,124737516,['Ten']
565,124747248,['WVhit']
566,124747283,['Shakespeare']
567,124747283,"['Johnson', 'Wise']"
568,124747283,['Pember']
569,124747283,['Pemberton']
570,124748263,['Blaine']
571,124748263,['Cleveland']
572,124748263,['Har']
573,124748263,"['James', 'G', 'Blaine', 'Edited']"
574,124748263,['Arthur']
575,124748263,['Hurlburt']
576,124748263,['Harrison']
577,124748263,['Beale']
578,124748263,"['Allan', 'Thorndike', 'Rice']"
579,124750342,['Futrelle']
580,124750342,"['Augustus', 'Van', 'Dusen']"
581,124750342,"['Sherlock', 'Holmes']"
582,124750342,"['Van', 'Dusen']"
583,124751008,['White']
584,124751008,['Vhite']
585,124751689,"['Harrison', 'Rhodes']"
586,124751689,['Kipling']
587,124751689,['Rhodes']
588,124755017,['Duncan']
589,124755063,"['Horace', 'Vachell']"
590,124755063,['Vachell']
591,124755242,"['Compton', 'Mackenzie']"
592,124756269,"['Belloc', 'Lowndes']"
593,124756269,['Bosworth']
594,124756269,['Rose']
595,124756269,"['Humphry', 'WVard']"
596,124757488,['Wilson']
597,124757488,"['Caroline', 'Lit']"
598,124759955,['Sturgis']
599,124764347,['Furness']
600,124770036,['Orr']
601,124770036,"['J', 'C', 'Todd', 'Macmillan', 'Robertson', 'Smith']"
602,124777509,"['Carnot', 'Lucien', 'Guitry']"
603,124778880,"['George', 'Matheson']"
604,124778880,['Matheson']
605,124793440,['Glyn']
606,124802485,['Long']
607,124880567,"['Dnflkit', 'Ii']"
608,124880567,"['Helen', 'Pecl']"
609,124880567,"['Robert', 'Peel']"
610,124880567,['Jamers']
611,124880567,['Icary']
612,124880567,['Peel']
613,124880567,['Jackson']
614,124881664,['Bigelow']
615,124881664,['Voss']
616,124881664,['Bismarck']
617,124882200,"['von', 'ut', 'Ict']"
618,124882200,['L']
619,124882997,['Ludlow']
620,124882997,"['Ludlow', 'makes', 'Judas', 'Maccabseus']"
621,124883198,"['Bctjarnin', 'Ward', 'Richardson', 'MfD', 'LLD', 'FAS', 'Longinans', 'Graen']"
622,124883198,['Benjamin']
623,124885364,['Lee']
624,124889299,['Bain']
625,124891380,['Randolph']
626,124891380,['Churchill']
627,124891914,['Somerset']
628,124891914,['Pollen']
629,124891914,"['Henry', 'Somerset']"
630,124891914,['G']
631,124892048,['Austins']
632,124892048,['Austin']
633,124892460,['B']
634,124892575,"['Harold', 'Frederic']"
635,124892575,['Frederic']
636,124894699,"['Nina', 'Barrow']"
637,124894699,['Baylor']
638,124894699,['Miller']
639,124896373,['Warner']
640,124902758,['Goodrich']
641,124902758,['Good']
642,124903897,['Vest']
643,124903897,['West']
644,124903897,"['E', 'C', 'Thomas']"
645,124903897,['Thomas']
646,124906219,"['Robert', 'Barrett', 'Browning']"
647,124906219,"['Edwvard', 'Gosse']"
648,124906219,['Gosse']
649,124906219,"['Herbert', 'Railton']"
650,124906359,['Newton']
651,124906359,['New']
652,124910319,['Lanman']
653,124910319,['Benjamin']
654,124911338,['IFoulke']
655,124911338,['Foulke']
656,124911338,"['Foulke', 'complains', 'bit', 'Slav']"
657,125238042,['Craig']
658,125238876,"['Albert', 'Kocher']"
659,125238876,['Gottstein']
660,125238876,['Kocher']
661,125238876,['Brewer']
662,125241543,"['George', 'P', 'Sanborn']"
663,125251441,['Bartholow']
664,125274806,['Young']
665,125274806,['Seelye']
666,125274806,['Peabody']
667,125285780,['Trumbull']
668,125290224,['Godkin']
669,125302755,['Putnam']
670,125498506,"['John', 'C', 'L', 'Sparkes']"
671,125498506,"['Walter', 'Gandy']"
672,125498506,['Sparkes']
673,125499337,['Robertson']
674,125503375,"['William', 'Canton']"
675,125503375,['Meynell']
676,125503375,['Lowry']
677,125503375,['Robinson']
678,125504219,"['obo', 'Hays', 'Hammond', 'Long', 'mani', 'Green', 'Co']"
679,125504219,['Hammond']
680,125504219,['Jamieson']
681,125504219,['Heath']
682,125504219,"['Solly', 'Joel']"
683,125523349,['Schouler']
684,125523349,"['Henry', 'C', 'Lodge']"
685,125524592,['Burnetes']
686,125524592,['Burnett']
687,125524592,"['Arthur', 'Poppleton']"
688,125524592,['Theobald']
689,125524592,['Barold']
690,125524592,['Belasys']
691,125529634,['Bartletes']
692,125714948,['Levy']
693,125714948,['Matthews']
694,125720301,"['J', 'F', 'Stephen', 'said', 'Air']"
695,125720301,['Carson']
696,125722617,['Courts']
697,125726448,"['lion', 'Lawrence', 'Mc', 'Cully', 'First', 'Associate', 'Justice']"
698,125749308,"['Burr', 'J', 'Ramage']"
699,125749576,['Webb']
700,125762745,['Albert']
701,126339953,"['Amelia', 'B', 'Edwards']"
702,126339953,['Petrie']
703,126339953,"['Edwards', 'graphic', 'pen', 'Tenis', 'Part', 'L']"
704,126339953,"['Howard', 'Osgood']"
705,126339953,"['W', 'C', 'Winslow', 'Beacon', 'Street', 'Boston']"
706,126339953,"['James', 'Russell', 'Lowell']"
707,126357405,"['Julia', 'Ward', 'Howe']"
708,126357405,['Higginson']
709,126357405,['Higgin']
710,126357675,['Hort']
711,126357675,['Warfield']
712,126357675,"['Schaffs', 'C', 'Oompan']"
713,126357675,"['H', 'P', 'Forbes']"
714,126425076,['Thomas']
715,126443123,['Alien']
716,126447331,['Dorchester']
717,127406065,"['Du', 'Clialilui']"
718,135792766,"['James', 'Freeman', 'Clarke']"
719,135792766,['Clarke']
720,136129923,"['C', 'P', 'Villiers', 'MP']"
721,136129923,"['Richard', 'Cobden']"
722,136129923,['Villiers']
723,136129923,['Cobden']
724,136129923,"['Robert', 'Peel']"
725,136134978,['Saffiord']
726,136134978,['Balloui']
727,136138836,"['W', 'Nowack']"
728,136144286,"['James', 'Denney']"
729,136144286,['P']
730,136144286,"['Mackintosh', 'One']"
731,136144286,['Mackintosh']
732,136144491,['Sunday']
733,136144491,['Finney']
734,136144491,['Taylor']
735,136415311,['Sterrett']
736,136416554,"['des', 'Granges']"
737,136416554,['Clark']
738,136447217,['Ireland']
739,136447217,['Irelamd']
740,136458708,['J']
741,136463035,['Lanciani']
742,136463900,['Dawson']
743,136466235,['Sattcrlec']
744,136470881,['Schliemnann']
745,136470881,"['James', 'C', 'Southall']"
746,136470881,['Nast']
747,136470881,['IHarman']
748,136470881,['Harman']
749,136470881,['H']
750,136470963,['Inge']
751,136470963,['Mind']
752,136480596,"['God', 'Almighty', 'John', 'Carter']"
753,136509325,['Caspari']
754,136513439,['Gould']
755,136533120,"['H', 'C', 'Wood']"
756,136533120,['Potain']
757,136533120,['Fournier']
758,136533120,['Roncali']
759,136570677,['Raymond']
760,136570677,['Stedman']
761,136570677,['Macaulay']
762,136588150,"['Pierre', 'ade', 'Coubertin', 'Translated']"
763,136608189,['Spencer']
764,136608189,['Tyndall']
765,136608189,"['William', 'James']"
766,136612423,['Diaz']
767,136612423,['Taft']
768,136612423,"['Diaz', 'General', 'Diaz']"
769,136612423,['Root']
770,136614079,['Cruttwell']
771,136617378,"['R', 'Solicitor', 'General']"
772,136617378,['REdamithan']
773,136623429,['Maitland']
774,136623429,['H']
775,136625622,"['John', 'Vah', 'Vorst']"
776,136625622,"['Van', 'Vorst']"
777,136625622,"['John', 'Van', 'Vors', 'Moffat', 'Yard', 'Co', 'New', 'York', 'SLS']"
778,136709332,['Gatheie']
779,136751702,"['Edward', 'Caird']"
780,136751702,['Mackintosh']
781,136751702,['Martineau']
782,136752909,['Moore']
783,136752909,['Cheyne']
784,136752909,['Furness']
785,136760304,['Duhm']
786,136760304,['Duhln']
787,136760304,['Duhlis']
788,136760304,['Duhlm']
789,136894051,"['Hernann', 'Schmnidt', 'Rinipler']"
790,136917170,"['James', 'Wallace']"
791,136917170,['Wallace']
792,136917170,"['Edward', 'Jackson']"
793,136918979,['Redney']
794,136918979,['Kedney']
795,136981322,['Gregory']
796,136981322,"['John', 'Quinn']"
797,137050115,['Eddy']
798,137050115,"['Eddy', 'gives', 'Interesting']"
799,137050115,['Ballou']
800,137077283,['James']
801,137107056,['Royce']
802,137107056,['James']
803,137110441,['Filth']
804,137110441,['Friltb']
805,137110441,['Disraeli']
806,137110441,['Lemon']
807,137110441,['Soand']
808,137110441,['Nickleby']
809,137110441,['Pilth']
810,137110441,"['aid', 'H']"
811,137110441,['Gibson']
812,137110441,['Frith']
813,137200952,['Thomt']
814,137200952,['Co']
815,137200952,['Stacy']
816,137211244,['Froude']
817,137211244,['Roland']
818,137391168,['Cooke']
819,137391168,['Deane']
820,137412786,['C']
821,137412786,['Cadman']
822,137485069,['Montague']
823,137485069,['Jenks']
824,137485069,['Meade']
825,137545522,['Sciss']
826,137545522,['Solss']
827,137545522,"['Seiss', 'Subject']"
828,137573733,['Moore']
829,137582298,['Thorpe']
830,137588340,['Cheyne']
831,137588340,['Clheyne']
832,137588340,['Ciceyne']
833,137588340,['Oheyne']
834,137693820,"['Frederick', 'Douglass', 'Jr']"
835,137693820,['Doug']
836,760121714,"['Max', 'Miiller']"
837,88403304,['Crawford']
838,88407598,"['Helen', 'Winslow']"
839,88407598,['Winslow']
840,88407598,['Wilder']
841,88407598,"['Harrison', 'Weir']"
842,88407598,['Weir']
843,88407598,['Garner']
844,88407598,"['Cashel', 'Hoey']"
845,88435825,['Packard']
846,886556758,['Piper']
847,89641222,"['George', 'Ticknor', 'Curtis']"
848,89641222,"['Joseph', 'C', 'Clarkson', 'Notwithstanding']"
849,89641222,['Curtis']
850,89641222,"['Paul', 'Leicester', 'Ford']"
851,89641222,['Cur']
852,89641222,['Jackson']
853,89641222,"['James', 'Wilson']"
854,89641222,['Washington']
855,89641746,['Charles']
856,89641746,['Briggs']
857,89642340,['White']
858,89642340,['W']
859,89642340,['WhYite']
860,89642340,['Vhiite']
861,89642340,['WVhite']
862,89642340,['Wlhite']
863,89642709,['Ford']
864,89642709,['Jefferson']
865,89642709,['Jeffersoim']
866,89642709,['Hale']
867,89646113,['Baird']
868,89646113,['Hay']
869,89655249,"['Charles', 'H', 'Peck']"
870,89655249,['Peck']
871,89656875,['Cope']
872,89656875,['Virchow']
873,89656889,['Selborne']
874,89656889,['Sel']
875,89656889,['Lecky']
876,89656889,['Gladstone']
877,89656889,['Glad']
878,89656889,"['Lecky', 'Ambitious']"
879,89656889,"['W', 'E', 'Forster']"
880,89656889,['Forster']
881,89656889,"['Sophia', 'Palmer']"
882,89664003,"['Elizabeth', 'Wormeley', 'Latimer']"
883,89664003,['Latimer']
884,89664003,['Kitchener']
885,89664845,"['Henry', 'James']"
886,89664845,['James']
887,89664845,['Cary']
888,89664845,"['Frederick', 'Allen', 'Kiniz']"
889,89664845,"['Cary', 'ANNIE', 'RUSSELL']"
890,89668294,"['Herbert', 'Spencer']"
891,89668294,['Spencer']
892,89668294,"['John', 'Dewey']"
893,89668294,"['Jane', 'Addams']"
894,89668294,"['Walter', 'H', 'Page']"
895,89668294,['Hux']
896,89669022,['Lawton']
897,89669855,"['Ralph', 'Adams', 'Cram']"
898,89669855,['Cram']
899,89670781,"['Henry', 'Drummond', 'Wolff']"
900,89670781,['Henry']
901,89670781,"['Roderick', 'Murchison']"
902,89670781,['Hayward']
903,89670781,"['John', 'Delane']"
904,89670781,"['John', 'Burgoyne']"
905,89670781,"['Bernal', 'Osborne']"
906,89670781,['Lowe']
907,89670781,['Lans']
908,89670781,['Derby']
909,89670781,"['Odo', 'Russell']"
910,89671870,['Parker']
911,89671870,['Cleveland']
912,89672139,['Lincoln']
913,89672164,['Wesendonck']
914,89678203,['Norton']
915,89678203,"['Fiske', 'Norton']"
916,89678203,['Fiske']
917,89678203,"['Rendell', 'Har', 'SwaB', 'Loyv', 'SoNCs', 'op', 'PgRACN', 'Translated']"
918,89678203,"['William', 'Dud', 'ley', 'Foulke']"
919,89678203,['Foulke']
920,89678203,['Robinson']
921,89678544,['Kellogg']
922,89679735,"['Olga', 'Novikoff', 'Dutton']"
923,89679735,['Novikoff']
924,89679735,['Beaconsfield']
925,89683500,"['R', 'W', 'MAillar']"
926,89683500,"['Raffaele', 'Garofalo']"
927,89687165,['Maxwell']
928,89762776,"['Ronald', 'Gower', 'FSA']"
929,89762776,"['Ronald', 'Gower']"
930,89762776,['Ronald']
931,89806553,"['John', 'W', 'Haley']"
932,89808366,['Tait']
933,89809419,['Fields']
934,90010449,['Dawson']
935,90039035,['Robinson']
936,90039035,"['F', 'W', 'Robinson']"
937,90039035,['Croft']
938,90053551,"['Felix', 'Dahn']"
939,90067735,['Morley']
940,90067735,['Roland']
941,90067735,"['Thomas', 'Lawrence']"
942,90069853,['Johnson']
943,90069853,['Dietrick']
944,90070725,"['John', 'Jacob', 'Astor']"
945,90070725,['Cortlandt']
946,90070725,['Astor']
947,90073662,"['Warburton', 'Pike']"
948,90073662,['Pike']
949,90082618,['Howells']
950,90082618,['Christian']
951,90082618,['Helena']
952,90082664,['Gosse']
953,90088137,['Brackenbury']
954,90088137,['Edwards']
955,90088137,['Braddon']
956,90088137,['Blackmore']
957,90088137,['Broughton']
958,90088137,"['oJ', 'Thule']"
959,90088137,['Ed']
960,90103625,['Snider']
961,90105510,['Blake']
962,90105510,['Brown']
963,90115938,['Bushnell']
964,90115938,['Potter']
965,90117442,"['Mulock', 'Craik']"
966,90117442,['Craik']
967,90119457,['Call']
968,90119457,"['Anna', 'C', 'Brackett']"
969,90119457,['Brackett']
970,90124345,['Aldrich']
971,90124345,['Al']
972,90124345,['Piatt']
973,90129938,['Hale']
974,90129938,['Higgin']
975,90129938,['Barnard']
976,90129938,['Vincent']
977,90129938,['W']
978,90129938,['Kendrick']
979,90129938,['Dwight']
980,90129938,['Robin']
981,90129938,['Angell']
982,90129938,"['ident', 'White']"
983,90135301,"['Homoselle', 'Despard', 'Chloe']"
984,90135301,['Halsey']
985,90135301,"['Bertie', 'Despard', 'Homoselle']"
986,90135301,['Despard']
987,90135380,['Tincker']
988,90135612,"['John', 'Burnet']"
989,90135612,['Burnet']
990,90137175,"['Joel', 'Chandler', 'Harris']"
991,90146669,['Traill']
992,90148591,"['Leo', 'Errera']"
993,90148591,['Errera']
994,90156577,"['W', 'H', 'Gilder']"
995,90156577,['Gilder']
996,90156577,"['Gilder', 'says', 'Next']"
997,90161634,['Budge']
998,90161634,['Brugsch']
999,90161634,['Petrie']
1000,90167733,['George']
1001,90167733,['Lincoln']
1002,90167733,['Boutwell']
1003,90167733,['Boutwvell']
1004,90167733,['Webster']
1005,90167733,['Choate']
1006,90167733,"['Robert', 'Peels']"
1007,90167733,['Bloutwell']
1008,90175002,['Hapgood']
1009,90176684,['Macdonagh']
1010,90176684,['Parnell']
1011,90176684,['Macdonagb']
1012,90176684,['Mlacdonagh']
1013,90197489,['Potter']
1014,90260196,"['H', 'G', 'Wells']"
1015,90260196,['Haynes']
1016,90330305,"['James', 'Forrest']"
1017,90332829,"['Busanna', 'W', 'Doddg']"
1018,90352866,['Bigg']
1019,90352866,['Froude']
1020,90364802,"['Julius', 'Benedict']"
1021,90373997,['Lowell']
1022,90373997,['Garrison']
1023,90373997,['Whittier']
1024,90393221,['William']
1025,90393221,['Taylor']
1026,90426602,['Howells']
1027,90445484,"['F', 'L', 'Ritter']"
1028,90445484,['Ritter']
1029,90491457,['Munro']
1030,90502737,"['Quiller', 'Couch']"
1031,90502737,['Howells']
1032,90502737,"['Henry', 'James']"
1033,90502737,['Bracy']
1034,90517789,['McCaleb']
1035,90527148,['Beaconsfield']
1036,90527148,['Shaftesbury']
1037,90527148,['Selborne']
1038,90527148,['Chamberlain']
1039,90527148,['Disraeli']
1040,90527148,['Meynell']
1041,90527148,"['John', 'Russell']"
1042,90527148,['Aberdlare']
1043,90527148,['Mary']
1044,90527148,['Meyneil']
1045,90527148,"['Robert', 'Peel']"
1046,90539385,['H']
1047,90555133,['Bull']
1048,90555133,['Austin']
1049,90555133,['Meredith']
1050,90557538,['Franck']
1051,90561396,['NEILSEN']
1052,90561396,['Neilsen']
1053,90563266,"['Hermnnn', 'Von', 'Soden', 'Translated']"
1054,90563266,['W']
1055,90563266,"['von', 'Soden']"
1056,90566851,['C']
1057,90566851,['Crawford']
1058,90574871,['Hutchinsons']
1059,90574871,['Hutchinson']
1060,90581659,['C']
1061,90582034,['Bailey']
1062,90582034,['Roosevelt']
1063,90611376,['Carnegie']
1064,90611376,['Pearson']
1065,90612978,"['Thomas', 'Graham', 'Jackson']"
1066,90612978,"['Thomas', 'Jackson', 'Everywhere']"
1067,90612978,"['Thomas', 'Graham', 'Jackson', 'University']"
1068,90624400,"['Louis', 'Herbert', 'Cray']"
1069,90624400,"['Oeorge', 'Foot', 'Moore']"
1070,90624400,['Fox']
1071,90624400,['Dixon']
1072,90624400,['Alexander']
1073,90634096,['Snow']
1074,90769643,['Cohan']
1075,90769643,['Halliday']
1076,90769643,['Dinehart']
1077,90832258,['Gibbs']
1078,90832258,['Nye']
1079,90856638,['Hancock']
1080,90856638,['James']
1081,90856638,['IHancock']
1082,124729983,"['Thomas', 'Browne']"
1083,124730230,['Inigc']
1084,124730800,"['Harry', 'Johnston']"
1085,124730800,['Harry']
1086,124730800,"['Alfred', 'Miller']"
1087,124730800,['Salisbury']
1088,124730800,['Warren']
1089,124730800,"['Harry', 'Jlohimstoni']"
1090,124731305,['Galsworthy']
1091,124731305,['Hergesheimer']
1092,124731305,['Walpole']
1093,124731702,['Lay']
1094,124731703,['Pearson']
1095,124731703,['Pear']
1096,124731703,['Borden']
1097,124731981,['Ritchie']
1098,124731981,"['Ritchie', 'Harper']"
1099,124732325,['Blake']
1100,124732772,['Haughton']
1101,124732772,['Haugh']
1102,124732778,"['Jung', 'Psychological', 'Types']"
1103,124733057,"['Wells', 'gave', 'history', 'Ever']"
1104,124733057,['Thomson']
1105,124733057,['Drinkwater']
1106,124733057,['Thomas']
1107,124733057,['Wells']
1108,124733057,"['Polly', 'Traces']"
1109,124733077,['Webster']
1110,124733172,['Lowell']
1111,124733172,"['Lowell', 'says', 'Many']"
1112,124733172,"['ident', 'Lowell']"
1113,124733282,['Quick']
1114,124733406,['Collier']
1115,124733406,['Col']
1116,124733465,['Cather']
1117,124733500,['Glasgow']
1118,124733530,['Macgowan']
1119,124733593,['Goodman']
1120,124733601,['Noyes']
1121,124733608,['Boris']
1122,124733644,"['William', 'WVinter']"
1123,124733644,['Winter']
1124,124733644,['XVinter']
1125,124733644,"['Richard', 'Bennett']"
1126,124733644,"['William', 'Winter']"
1127,124733683,"['Gilbert', 'Parker']"
1128,124733700,['Blavatsky']
1129,124733741,"['Cyrus', 'Townsend', 'Brady']"
1130,124733741,['Brady']
1131,124733741,['Bradv']
1132,124733744,"['J', 'C', 'Snaith']"
1133,124733744,['Snaith']
1134,124733764,"['E', 'C', 'Bentley']"
1135,124733773,['Lahee']
1136,124733834,['Edwards']
1137,124733834,"['Alvan', 'F', 'Sanborn']"
1138,124733863,['Taylor']
1139,124733971,"['Bradford', 'says', 'Emerson']"
1140,124733971,['Bradford']
1141,124733983,"['Arthur', 'Ransome']"
1142,124733983,['Ran']
1143,124733983,['Ransome']
1144,124905813,"['Mac', 'Kie']"
1145,124898696,"['High', 'Treasurer']"
1146,124898696,['Godolphin']
1147,124898696,['Elliot']
1148,124762352,['Bacon']
1149,124891813,['Addams']
1150,124891813,['Howe']
1151,124891813,['Ticknor']
1152,124891813,['J']
1153,90148147,"['Huntington', 'Smith']"
1154,90148147,['Seeley']
1155,89652586,['AMeans']
1156,89652586,['Means']
1157,89652586,['Mleans']
1158,89652586,['Mieans']
1159,124745977,"['Robert', 'Aitken']"
1160,124760289,['Brouner']
1161,124760289,"['Funz', 'Yuet', 'Mow']"
1162,124760289,['Giles']
1163,124760289,['Eitel']
1164,89694134,['Robinson']
1165,90515626,['Goodell']
1166,90137315,['Laughlin']
1167,90137315,"['Joseph', 'H', 'Walker']"
1168,90608987,['Driver']
1169,90608987,['Hope']
1170,90608987,['DRIVER']
1171,124897726,['Cooke']
1172,124897726,['Orr']
1173,124897726,['Castelfranco']
1174,89661606,"['W', 'H', 'Mallock', 'gave', 'us', 'Religion']"
1175,89661606,['Mansel']
1176,89661606,['Mallock']
1177,124898008,['Hill']
1178,124905803,['Muhlenberg']
1179,124905803,"['Jhn', 'Barret', 'Ketfoot', 'fint', 'Bishop']"
1180,124905803,['Muihlenherg']
1181,90073187,['Cleve']
1182,90073187,['Cleveland']
1183,89666176,"['Lewis', 'Alorris']"
1184,89666176,['Ruskin']
1185,89666176,['Carlyle']
1186,89666176,"['Lewis', 'Morris']"
1187,89666176,['Tennyson']
1188,89666176,['Lewis']
1189,89666176,"['Charles', 'Leonard', 'Mloore']"
1190,90184139,"['R', 'W', 'Thompson']"
1191,90184139,['Thompson']
1192,90528835,['Morgan']
1193,90558759,['Smith']
1194,89688816,"['Ezra', 'Pound']"
1195,89688816,['Pound']
1196,89688816,['Flexner']
1197,90105449,['Bose']
1198,90105449,['Sen']
1199,90105449,['Mozoomdar']
1200,90539958,['Birdseye']
1201,124750909,['Thurston']
1202,124882999,['Child']
1203,90585406,['Kellogg']
1204,89644413,['Hayes']
1205,89644413,"['Von', 'Holst']"
1206,89644413,['Lincoln']
1207,89644413,['Seward']
1208,89644413,['Calhoun']
1209,89644413,['Soward']
1210,89644413,['Calhouni']
1211,124748533,['Martin']
1212,124748533,['Tuan']
1213,124873327,['Parrish']
1214,124873327,['Wharton']
1215,89694696,['Waddington']
1216,89694696,['Sinclair']
1217,89694696,['Frean']
1218,89694696,"['Browning', 'Connie', 'Hancock']"
1219,89694696,['Sin']
1220,89694696,['Mansfield']
1221,90160523,['Winter']
1222,90160523,['Grossman']
1223,89641952,['Symonids']
1224,89641952,['Syimond']
1225,89666727,"['Walter', 'Arm']"
1226,89666727,['Walter']
1227,124897462,['Hone']
1228,124897462,"['Bayard', 'Tuckerman']"
1229,124897462,['Tuckermian']
1230,90148377,['Hapgood']
1231,90123408,"['Du', 'Maurier']"
1232,90123408,"['Du', 'Manrier']"
1233,90123408,"['Du', 'Mauner']"
1234,90123408,"['Pon', 'de', 'Tomkins']"
1235,90123408,"['Du', 'Mau']"
1236,124907178,"['Maurice', 'Francis', 'Egan']"
1237,124907178,['Egan']
1238,124904242,['Dobson']
1239,124904242,"['Austin', 'Dobson']"
1240,124904242,"['Prude', 'Pietest']"
1241,90339355,"['Ten', 'Brink']"
1242,90339355,['Hart']
1243,90339355,['Sievers']
1244,124906053,['Moulton']
1245,89664166,['Flournoy']
1246,90144365,"['Henry', 'Vizit']"
1247,90144365,"['Du', 'Barry']"
1248,90144365,['Vizitelly']
1249,90144365,"['de', 'la', 'Motte']"
1250,124736621,['Taylor']
1251,124749139,['Johnston']
1252,124749139,['John']
1253,90540450,['Phillips']
1254,124908238,"['H', 'Cholmondeley', 'Pennell']"
1255,124908238,['Pennell']
1256,124763895,"['Katrina', 'Trask']"
1257,124763895,['Trask']
1258,89677297,"['Lowell', 'says', 'Darwin']"
1259,89677297,['Lowell']
1260,90160891,"['George', 'Alfred', 'Townsend']"
1261,90160891,['Stowe']
1262,90160891,['Town']
1263,90137386,"['R', 'Brinsley', 'Johnson']"
1264,90137386,['Taylor']
1265,90137386,['Johnson']
1266,90181888,['Lang']
1267,90181888,"['Bret', 'Harte']"
1268,90181888,"['Walter', 'Leaf']"
1269,90181888,"['Lang', 'practically', 'surrenders', 'Books', 'X']"
1270,90181888,['Mead']
1271,90103211,['Denison']
1272,124751439,"['Graham', 'Balfour']"
1273,124751439,"['Grahatui', 'Balfur']"
1274,124751439,['Colvin']
1275,124751439,['Balfour']
1276,124751439,"['Horatio', 'Brown']"
1277,124751439,"['Lloyd', 'Osbourne']"
1278,124751439,['Baalfour']
1279,124751439,['Osbourne']
1280,124751439,['P']
1281,124751439,['Bal']
1282,124891067,['Davis']
1283,124890069,['Winter']
1284,124890069,['Winteralso']
1285,124890069,['Giles']
1286,90120547,"['William', 'B', 'Claflin']"
1287,90120547,"['Harriet', 'Beecher', 'Stowe']"
1288,90120547,['Beecher']
1289,90120547,"['James', 'Freeman', 'Clarke']"
1290,90120547,['Stowe']
1291,90120547,['Bailey']
1292,90120547,['James']
1293,90120547,['Fair']
1294,90120547,['Kirk']
1295,90120547,"['Peter', 'Parker']"
1296,90120547,"['Joseph', 'Campbell']"
1297,90120547,['Claf']
1298,90120547,['Claflin']
1299,90142397,"['Mabel', 'Loomis', 'Todd']"
1300,90142397,['Dickinson']
1301,90142397,"['J', 'G', 'Holland']"
1302,90142397,"['Samuel', 'Bowles']"
1303,90142397,['Todd']
1304,89660493,"['La', 'Place']"
1305,89660493,['Louis']
1306,89660493,['Bowditch']
1307,89660493,['Bowditeb']
1308,89660493,['Bow']
1309,124876337,"['R', 'Dozv']"
1310,124876337,['Scott']
1311,124901421,"['Dafyd', 'ap', 'Penrhivn']"
1312,124901421,['SionH']
1313,124901421,['Sioned']
1314,124901421,['Isaacs']
1315,124742023,"['Ernest', 'Poole']"
1316,124742023,['Poole']
1317,90124503,['Scudder']
1318,90124503,['Muhlenberg']
1319,90167842,['Spencer']
1320,90167842,['Lonsdale']
1321,90167842,['Alington']
1322,89645979,"['E', 'W', 'Latimer']"
1323,90115155,"['James', 'Schou']"
1324,90115155,['Adams']
1325,90115155,['Schouler']
1326,90115155,"['Henry', 'Adams']"
1327,90115155,['Schou']
1328,90115155,"['Adams', 'Seeing']"
1329,89659233,['Michelson']
1330,124910164,['Schouler']
1331,124910164,['Bancroft']
1332,124910164,"['James', 'Schouler']"
1333,124760648,['L']
1334,124760648,['Lowndes']
1335,124760648,['ILowndes']
1336,90422191,"['Edward', 'Porter', 'Humphrey']"
1337,90422191,['Humphrey']
1338,90422191,['Jesus']
1339,90422191,['Stuart']
1340,124892624,['Dasher']
1341,124892624,['Broadacres']
1342,124892624,"['Slippery', 'Sly']"
1343,124892624,['Saphead']
1344,124892624,['Kipling']
1345,124892624,"['Alfred', 'E']"
1346,124892624,['Watson']
1347,124892624,['Wmatson']
1348,124892624,"['Watson', 'Four']"
1349,89678933,"['Goldman', 'Equally']"
1350,89678933,['Goldman']
1351,89989565,['Bingham']
1352,89989565,"['Oppenheim', 'English']"
1353,89683324,"['Edward', 'J']"
1354,89683324,['Steele']
1355,90133175,['Saintsbury']
1356,90133175,['Howells']
1357,90133175,['Thackeray']
1358,90505981,['Wilkins']
1359,90505981,['Brown']
1360,90505981,['Howells']
1361,89632965,['Corson']
1362,124746128,"['Theodore', 'Roosevelt']"
1363,124746128,"['Edwin', 'Lefevre']"
1364,124746128,['Howe']
1365,90574713,['Martin']
1366,90574713,"['J', 'J', 'Walsh']"
1367,90574713,"['John', 'Martin', 'New', 'York']"
1368,124754677,['Graham']
1369,124744484,"['von', 'Bulow']"
1370,90511584,['Spender']
1371,90511584,"['Spender', 'compares', 'General', 'Botha']"
1372,90199333,['Wells']
1373,90199333,['Winkles']
1374,90199333,"['Joseph', 'Chamberlain']"
1375,90199333,['Redwood']
1376,90608879,"['H', 'G', 'Wells']"
1377,90608879,['Pease']
1378,90608879,['Wells']
1379,90112735,['Naville']
1380,90112735,['Petrie']
1381,124882971,['Schrattenthal']
1382,89663063,"['Charles', 'Booth']"
1383,89663063,['Booth']
1384,89642276,['Tyi']
1385,89642276,"['Stopford', 'Brooke']"
1386,89642276,['Shairp']
1387,89642276,"['Sidney', 'Lanier']"
1388,89642276,['Lanier']
1389,124751211,['Ship']
1390,124751211,['Shipman']
1391,124751211,['Miller']
1392,124751211,['Frohman']
1393,124751211,['Froh']
1394,89678271,['Low']
1395,90146482,['Prime']
1396,90146482,"['Wendell', 'Prime']"
1397,90140198,['Isaacs']
1398,90140198,['Crawford']
1399,90140198,['Claudiuws']
1400,90140198,['Hardy']
1401,90140198,['Claudius']
1402,90140198,['Clatidius']
1403,90140198,"['Silas', 'Barker']"
1404,90140198,['Victoria']
1405,90140198,['Skeat']
1406,90140198,['Bellingham']
1407,90140198,['Barker']
1408,90140198,['Claudiues']
1409,90151573,['Stokes']
1410,89654537,"['Grant', 'Allen']"
1411,89655051,['Stedman']
1412,89655051,['Woodberry']
1413,89655051,['James']
1414,89655051,['Harrison']
1415,89655051,"['H', 'W', 'Mabie']"
1416,89655051,"['Charles', 'W', 'Kent']"
1417,89655051,"['Harrison', 'Although']"
1418,89664154,"['R', 'Nisbet', 'Bain']"
1419,89664154,"['E', 'Armstrong']"
1420,89664154,"['Martin', 'Huume']"
1421,89664154,"['J', 'K', 'Laughton']"
1422,89664154,"['Humphrev', 'Gilbert']"
1423,89664154,['Laughton']
1424,89664154,"['Julian', 'Corbett']"
1425,89664154,"['Martin', 'Hume']"
1426,89664154,['Cor']
1427,89664154,['Hume']
1428,90162568,['Harris']
1429,90056191,['Stephen']
1430,90056191,"['Herbert', 'Spencer']"
1431,90056191,"['Minot', 'J', 'Savage']"
1432,90056191,['Ste']
1433,90056191,['Spencer']
1434,90442005,['Stedman']
1435,90442005,"['Theodore', 'Watts']"
1436,90442005,['Watts']
1437,90442005,['Stedruan']
1438,90442005,"['Andrew', 'Lang']"
1439,90442005,['Rossettis']
1440,90379598,"['de', 'La']"
1441,90379598,"['de', 'Langeals']"
1442,89639781,['Lmmmmier']
1443,89639781,['Lanier']
1444,89639781,['Lanior']
1445,90114580,['Froude']
1446,90114580,['Beaconsfield']
1447,89677757,"['Arnold', 'Bennett']"
1448,89677757,['Ben']
1449,89677757,['Bennett']
1450,89677757,['James']
1451,124750525,"['Quiller', 'Couch']"
1452,90157475,['Chambers']
1453,90157475,"['William', 'Johnson']"
1454,90157475,['Dunmore']
1455,124762056,"['Burton', 'Harrison', 'New', 'York']"
1456,90371140,['Smith']
1457,90371140,['God']
1458,124908173,['Buel']
1459,124908173,"['Buel', 'Christians']"
1460,124742694,['Brown']
1461,89673716,['Sinclair']
1462,89673716,['Sin']
1463,89673716,['Gaskell']
1464,89673716,['Oliphant']
1465,89673716,"['Gaskell', 'Harriet', 'Martineau']"
1466,90099976,['Shayback']
1467,90603231,['Payne']
1468,90134956,['Parton']
1469,90134956,"['John', 'Bigelow']"
1470,90134956,['Bigelow']
1471,90134956,['Morse']
1472,124755999,['Harben']
1473,124755999,['Hlarben']
1474,90115605,['Church']
1475,89673601,"['Fielding', 'Hall']"
1476,90090195,"['J', 'G', 'Wood', 'Illus', 'George', 'Routledge', 'Sons']"
1477,90090195,['Wood']
1478,90138917,"['Walter', 'Scott']"
1479,90138917,['Lang']
1480,90138917,['Christie']
1481,90138917,"['Wil', 'son', 'Leigh', 'Hunt', 'John', 'Wilson', 'Croker', 'Hogg']"
1482,124889122,['Cahan']
1483,90081303,"['Augusta', 'Hale', 'Gifford']"
1484,90081303,"['Gifford', 'taken', 'Green']"
1485,90081303,"['Gifford', 'always', 'accurate', 'Take']"
1486,90081303,['Eugene']
1487,90081303,['Gifford']
1488,89637120,['Emerson']
1489,89637120,['Guernsey']
1490,90155418,['Ellis']
1491,90155418,['Hobson']
1492,124899418,['Country']
1493,124899418,['Rein']
1494,124899418,['WVagner']
1495,90597110,['Oliver']
1496,90597110,['Atherton']
1497,90148296,['Edwards']
1498,90148296,['Pierce']
1499,89673285,"['Peter', 'H', 'Ditchfield', 'Fellow']"
1500,89649251,"['Alethea', 'Wiel']"
1501,89649251,['Bagehot']
1502,124743078,['Howells']
1503,124743078,['Barnum']
1504,124743078,"['Chang', 'Riley']"
1505,124743078,"['Eng', 'Nye']"
1506,89650728,"['Frederick', 'W', 'Holls']"
1507,89650728,['Holls']
1508,89650728,"['Miinster', 'Derneburg']"
1509,89650728,"['Julian', 'Pauncefote']"
1510,89650728,"['de', 'Stael']"
1511,89650728,"['de', 'Bildt']"
1512,90539715,['Harnack']
1513,90539715,['Herrmann']
1514,90568501,['Edison']
1515,90145983,['Brand']
1516,90145983,['Lincoln']
1517,124892513,"['Freeman', 'Even']"
1518,124892513,['Freeman']
1519,124892513,['Froude']
1520,124892513,['Green']
1521,124892513,['Salisbury']
1522,124892513,['Gardiner']
1523,89636377,"['Percival', 'Lowell']"
1524,89636377,['Lowell']
1525,89681827,['Grabo']
1526,89681827,['Wells']
1527,89681827,['Archer']
1528,90123467,"['Pole', 'Werner', 'von', 'Siemens']"
1529,90123467,['Coupland']
1530,89638581,['Frotioinghlitn']
1531,89638581,['Ripley']
1532,90012908,['Bassett']
1533,89686189,['Adams']
1534,89686189,"['Charles', 'W', 'Wallace']"
1535,124914686,['Dahlgren']
1536,124914686,['Dahigren']
1537,124914686,['Malaprop']
1538,124914686,['Dabigren']
1539,124914686,['Dahbgren']
1540,89682138,"['J', 'Laurence', 'Laughlin']"
1541,89682138,['Laughlin']
1542,89670618,"['B', 'L', 'Putnam', 'Weale']"
1543,89670618,['Weale']
1544,90550796,"['James', 'Crichton', 'Browne', 'New', 'York', 'John', 'Lane']"
1545,90550796,['Jewsbury']
1546,89676253,['Thompson']
1547,89676253,"['George', 'Wyndham']"
1548,89676253,"['Wilfrid', 'Meynell']"
1549,89676253,['Thonipson']
1550,89676253,['Ellenborough']
1551,89676253,"['Thompson', 'Another']"
1552,124904428,['Skewton']
1553,124904428,['Fawcett']
1554,124904428,['Sherwood']
1555,124904428,['Holland']
1556,124904428,"['John', 'Sherwood']"
1557,124904428,"['AVell', 'Known', 'Uptown']"
1558,124904428,['Kansas']
1559,90430433,['Doyle']
1560,90430433,"['Henry', 'Vane']"
1561,90430433,"['Willyam', 'Cooldingtoan']"
1562,90430433,"['Ather', 'ton', 'Haulgh']"
1563,90430433,"['Charles', 'Deanes']"
1564,90430433,['Lowell']
1565,90430433,['Palfrey']
1566,124737476,"['Alice', 'Hegan', 'Rice']"
1567,124737476,['Wiggs']
1568,124737476,['Daviess']
1569,89676540,['Stourm']
1570,90163058,['Walter']
1571,90163058,"['Walter', 'Scott', 'Bart', 'Edinburgh']"
1572,90163058,"['Charles', 'Green']"
1573,90163058,['J']
1574,90163058,['Green']
1575,124913731,['Hapgood']
1576,124913731,['Bird']
1577,124913731,"['Gordon', 'Cumming']"
1578,124913731,"['Browning', 'Last']"
1579,124913731,"['Helen', 'Zimmern']"
1580,124913731,"['Rasmus', 'Anderson']"
1581,124913731,"['F', 'J', 'Child', 'Xo', 'New', 'York', 'Charles', 'Scribntr']"
1582,124913731,"['F', 'J', 'Child']"
1583,124913731,['Child']
1584,124745996,['Osbourne']
1585,124745996,['Hellman']
1586,124745996,['Low']
1587,124745996,"['R', 'L']"
1588,124745996,"['Masson', 'Stevenson']"
1589,124741430,['Roosevelt']
1590,124741430,"['Harry', 'Johnston']"
1591,124748017,['Townsend']
1592,124748017,['Toownsend']
1593,124748017,['Ford']
1594,124748017,['Cleveland']
1595,124748017,"['Winston', 'Churchill']"
1596,124748017,['Croker']
1597,124748017,"['W', 'C', 'Whitney']"
1598,124748017,['Town']
1599,124759552,['Wilson']
1600,124759552,['Wil']
1601,124759552,['Jefferson']
1602,124757266,['Goodrich']
1603,89667287,"['Meredith', 'Nicholson']"
1604,89667287,['Bryce']
1605,89667287,['Nicholson']
1606,89641010,"['Symington', 'Wordswortlh']"
1607,89641010,['Syinington']
1608,89641010,"['George', 'H', 'Beaumont', 'Bart', 'Perhaps', 'Lyrical', 'Ballads']"
1609,89641010,"['George', 'Beaumonit']"
1610,89641010,['Symington']
1611,89641010,"['Henry', 'Reed', 'Wordswortlh']"
1612,90520984,['Plato']
1613,124737521,"['Basil', 'Macdonald', 'Hast']"
1614,124737521,['Hastings']
1615,124907487,['Booth']
1616,124907487,['Millward']
1617,90386133,"['eorge', 'B', 'Cheever']"
1618,90039134,"['J', 'Parker', 'Norris']"
1619,90039134,['Ingleby']
1620,90039134,['Norris']
1621,89683702,"['Yung', 'Wing', 'sometime', 'Associate', 'Chinese', 'Minister']"
1622,89674572,['Marchant']
1623,89674572,['Darwin']
1624,90564868,['Hadden']
1625,90564868,['Musicians']
1626,124911435,['Mitford']
1627,124911435,['Ruskin']
1628,124911435,"['Brown', 'ing', 'Harriet', 'Martineau', 'Bayard', 'Taylor']"
1629,124911435,"['Trollope', 'J']"
1630,124911435,['Fields']
1631,124911435,['Stoddard']
1632,124911435,['Holmes']
1633,124911435,['Mitlford']
1634,124911435,['Browning']
1635,124911435,['Johnson']
1636,124911435,"['L', 'Estrange']"
1637,124911435,['Kemble']
1638,124742206,['Trench']
1639,90120206,['Jackson']
1640,90120206,['Jack']
1641,90136399,"['J', 'R', 'Soley', 'Illustrated', 'Charles', 'Scrib']"
1642,90136399,"['Franklin', 'Bay']"
1643,124738183,['Lafarge']
1644,124738183,['La']
1645,124902232,['Rolleston']
1646,124902232,['Carter']
1647,90604866,['Burgoyne']
1648,90604866,['Maxwell']
1649,90604866,"['John', 'Maxwell']"
1650,90133280,"['W', 'J', 'Henderson']"
1651,90133280,['Henderson']
1652,90133280,['Hender']
1653,90133280,"['Vincent', 'Crummles']"
1654,124739187,"['George', 'Broadhiurst']"
1655,90137495,['Parkman']
1656,90137495,['Remington']
1657,89643057,"['John', 'Bideood']"
1658,90323925,"['Fields', 'Whatever']"
1659,90323925,['Lathrop']
1660,90323925,"['GrimnsAzeae', 'Secrct']"
1661,90323925,['Hawthorne']
1662,90323925,['GriIIshawee']
1663,90323925,['Grimshawe']
1664,90323925,['Grimeaeae']
1665,90323925,"['Julian', 'Hawthorne']"
1666,90323925,"['Keningale', 'Cook']"
1667,89663335,['N']
1668,89663335,['Shaler']
1669,89663335,"['Walter', 'Scott']"
1670,89663335,['Micawber']
1671,89663335,"['Henry', 'Taylor']"
1672,89663335,['Swinburne']
1673,89663335,"['Shaler', 'brings', 'Shakespeare']"
1674,89671025,['Adams']
1675,89671025,['Cambridge']
1676,89697959,['Burtt']
1677,90107235,['Bird']
1678,90107235,['Bishop']
1679,90107235,['Bonar']
1680,89667792,['Titchener']
1681,89671243,"['Ernest', 'Alfred', 'Vizetellv']"
1682,89671243,['Vizetelly']
1683,90598714,"['Oliver', 'Lodge']"
1684,90598714,['Oliver']
1685,90598714,"['Oliver', 'rests', 'Ibis']"
1686,90598714,"['Oliver', 'Lodge', 'G', 'H', 'Doran', 'Conniariy']"
1687,90068573,['Wilson']
1688,90068573,"['vos', 'Zglinitoka']"
1689,90068573,['William']
1690,89672878,['Maey']
1691,89672878,['Macy']
1692,89673510,['Hladley']
1693,89673510,['Kipling']
1694,124750562,['Cather']
1695,90372895,"['Newman', 'Smyth']"
1696,124756142,['Dawson']
1697,124756142,['Johnson']
1698,124739526,['Dejeans']
1699,89990815,['Colquhoun']
1700,89990815,['W']
1701,89990815,"['Bird', 'Bishop']"
1702,124895119,['Bronson']
1703,124895119,['Bassett']
1704,124739868,['Bradford']
1705,124739868,['Byron']
1706,124739868,"['James', 'Nichols']"
1707,89639567,['Scud']
1708,89639567,['Warner']
1709,89639567,['Mlorley']
1710,124746690,['Ellis']
1711,90362226,['Schuyler']
1712,90580847,['Tennys']
1713,90580847,['McCutcheon']
1714,90580847,['MlcCutcheoni']
1715,90580847,['Tennvs']
1716,124913490,"['Haynes', 'Pseudonyms']"
1717,124913490,['Haynes']
1718,124913490,"['James', 'Greenwood']"
1719,124913490,"['J', 'G', 'Austin']"
1720,124913490,"['G', 'P', 'Lathrop']"
1721,124913490,"['Francis', 'Bret', 'Harte']"
1722,124913490,['Butler']
1723,124913490,['Morgan']
1724,124913490,"['Frances', 'Anne', 'Kemble']"
1725,124913490,"['Lawrence', 'Barrett']"
1726,124913490,"['H', 'C', 'Bunner']"
1727,124913490,['Bunner']
1728,124913490,"['Arthur', 'Penn']"
1729,124913490,"['J', 'Brander', 'Mat']"
1730,124913490,"['Alma', 'Calder', 'Johnston']"
1731,124913490,"['H', 'G', 'Crickmore']"
1732,90530908,['George']
1733,90530908,['Boutwell']
1734,90530908,"['Boutwell', 'admired', 'General', 'Grant']"
1735,90530908,"['Boutwell', 'General', 'Sherman']"
1736,124876576,['Moody']
1737,90534596,"['Gilbert', 'Parer']"
1738,90534596,['Gilbert']
1739,90534596,['Yoxall']
1740,90575465,['Salmond']
1741,90575465,['Davidson']
1742,124761613,['Arabella']
1743,124761613,['Peter']
1744,90573412,['Bartlett']
1745,90573412,['Bartiett']
1746,89998501,"['James', 'Huneker']"
1747,89998501,['Hune']
1748,89998501,['Huneker']
1749,89667624,['Meany']
1750,89667624,"['Elliott', 'Cones']"
1751,89667624,"['Joseph', 'Banks']"
1752,90060122,['Claudius']
1753,90060122,['Crawford']
1754,90060122,['Carnethy']
1755,90116399,['Hunt']
1756,124752167,['Ford']
1757,124752167,['Jewett']
1758,90139762,['Oswald']
1759,124745923,['Ollivant']
1760,124745923,['Kipling']
1761,124745923,['HI']
1762,89642616,['Da']
1763,89678534,['Dilnot']
1764,89678534,"['Lloyd', 'George']"
1765,89678534,['Dil']
1766,124902340,['Graham']
1767,90137217,"['Heinrich', 'Schliemann']"
1768,90137217,['Schliemann']
1769,90137217,"['C', 'Schuchhardt']"
1770,90137217,['Schlie']
1771,90137217,['Sellers']
1772,90137217,"['C', 'Schuchhardt', 'Translated']"
1773,90137217,['Schuchhardt']
1774,124897217,['Laurie']
1775,90120238,['Nourse']
1776,90120238,"['John', 'Franklin']"
1777,90120238,['Kane']
1778,90120238,"['Hayes', 'Hall', 'Schwatka']"
1779,90120238,"['J', 'E', 'Nourse']"
1780,90120238,['Pavy']
1781,90120238,"['Pavy', 'Occasional']"
1782,90399240,['Ilolman']
1783,90399240,['Nichol']
1784,90633573,['Maclay']
1785,90131919,"['Roderic', 'Musgrove']"
1786,90131919,['Musgrove']
1787,89673264,"['Fred', 'Rothwell']"
1788,90560925,"['H', 'W', 'Clark']"
1789,90560925,['Clark']
1790,89674825,"['Charles', 'E', 'Whitmore']"
1791,89679147,['Alston']
1792,89679147,['Aiston']
1793,89679147,['Milner']
1794,124909516,['Morris']
1795,90157990,['Fawcett']
1796,90157990,['Coggeshal']
1797,90157990,['Chadwick']
1798,90157990,['Brockholst']
1799,90157990,['Faw']
1800,90157990,['Bondurant']
1801,90157990,['Cogges']
1802,90157990,['Brock']
1803,89682838,"['E', 'Norman', 'Gardinier']"
1804,90422744,['March']
1805,90422744,['Balg']
1806,90422744,['Murray']
1807,90422744,['Skeat']
1808,89634846,"['Rutherford', 'Alcock']"
1809,89634846,"['J', 'J', 'Rein']"
1810,89634846,['Rein']
1811,90194791,"['Benjamin', 'Howard']"
1812,90194791,['Howard']
1813,90194791,['Honvard']
1814,90194791,"['George', 'Kennan']"
1815,90194791,['Lans']
1816,90556967,['Gilfillan']
1817,89650747,"['Alleyne', 'Ireland']"
1818,89650747,['Ireland']
1819,89650747,['Ire']
1820,90632525,"['Ezra', 'Stiles']"
1821,90632525,['Wnrren']
1822,90632525,['Stiles']
1823,90632525,['Warren']
1824,90632525,"['Kent', 'Webster']"
1825,124740057,['Eames']
1826,124740057,['Drinkwater']
1827,124740057,['Drink']
1828,124904121,['Watson']
1829,124904121,"['Grant', 'Allen']"
1830,124750513,['Heming']
1831,90619218,"['Lewis', 'Michell']"
1832,90619218,"['John', 'Mackenzie']"
1833,90619218,['Labouchere']
1834,90619218,['Gladstone']
1835,90619218,['Lew']
1836,90619218,['Schnadhorst']
1837,90619218,"['Schladhorst', 'Rhodes']"
1838,90547989,['Winter']
1839,90097003,"['Joseph', 'Henry', 'Allen']"
1840,90097003,['Allen']
1841,90097003,['Bellows']
1842,90097003,['Hedge']
1843,90563162,['Lawson']
1844,90563162,"['LawlIFIDAY', 'TH']"
1845,90563162,"['Edwin', 'Lefevre']"
1846,90563162,['Lefevre']
1847,89692178,['Haussmann']
1848,89692178,['Huneker']
1849,89692178,"['des', 'Champs']"
1850,124752593,"['Anthony', 'Hope']"
1851,124752593,['Hope']
1852,90575503,"['Roland', 'G', 'Usher']"
1853,90575503,['Usher']
1854,90498217,['Moody']
1855,89673446,['H']
1856,89673446,['Fisher']
1857,124901831,['Latham']
1858,124751360,['Kinkaid']
1859,90593858,"['Charles', 'Frederick', 'Stansbury']"
1860,90593858,['Cestudo']
1861,90638527,"['Arthur', 'C', 'Benson']"
1862,90638527,['Keable']
1863,90351836,['Hart']
1864,90351836,"['VIROrL', 'C', 'HAnT', 'BD', 'Illustrated', 'Boston', 'Ticknor']"
1865,89674596,"['Jared', 'Bean']"
1866,89674596,"['Matthew', 'Gully']"
1867,89674596,"['Peleg', 'Gudger']"
1868,89674596,"['Simon', 'Bagley']"
1869,89674596,"['Enoch', 'Sneed']"
1870,89674596,"['Edmund', 'Lester', 'Pearson']"
1871,89674596,['Pearson']
1872,89674596,['Pear']
1873,89674596,"['Obadiah', 'Wurzberger']"
1874,89674596,['MIayhew']
1875,89674596,"['Nicholas', 'Jasper']"
1876,89674596,"['Pansy', 'Patterson']"
1877,89674596,"['Ponmfret', 'Sniith']"
1878,89674596,"['Humphrey', 'Mayo']"
1879,89674596,"['Reginald', 'Kookle']"
1880,89673990,"['J', 'Ilenry', 'Harper']"
1881,89673990,['Harper']
1882,89673990,"['Harry', 'Hotspur']"
1883,89673990,['Howells']
1884,89673990,['Henry']
1885,89673990,"['Thomas', 'Hardy']"
1886,89673990,['Alden']
1887,89673990,"['Fletcher', 'Harper']"
1888,89673990,"['J', 'Henry', 'Harper']"
1889,89678037,['Newmarch']
1890,89678037,['Thayer']
1891,89678037,['Thomas']
1892,89678037,"['Carl', 'Sonneck']"
1893,89678037,['Sonneck']
1894,89678037,"['Fuller', 'Maitland']"
1895,89678037,"['George', 'Grove']"
1896,89678037,['Friedlander']
1897,90411571,"['Anthony', 'Atwood', 'discuses', 'tho', 'Causes']"
1898,90411571,['Atwood']
1899,89668442,"['W', 'H', 'Helm']"
1900,89668442,['Austen']
1901,89668442,['Helm']
1902,89668442,['Knightley']
1903,89668442,"['W', 'L', 'Phelps']"
1904,89668442,['Phelps']
1905,124738350,['Mfigge']
1906,124738350,['Brockhause']
1907,124738350,['F']
1908,90424662,"['Onarles', 'Isio']"
1909,90424662,['Fronde']
1910,90424662,['Norton']
1911,90424662,"['Welsb', 'Oct']"
1912,90424662,['Welsh']
1913,90424662,['Froudo']
1914,90424662,['Irving']
1915,89645209,['Symonds']
1916,89645209,"['Richard', 'Fitz', 'Simon']"
1917,89645209,['Ward']
1918,89645209,"['John', 'Morley']"
1919,90140107,['Cobbe']
1920,90140107,"['Frederick', 'Harrison']"
1921,90140107,['Poyser']
1922,124898612,['Lowe']
1923,89641877,['Benton']
1924,89641877,"['De', 'Vinie']"
1925,124750476,"['Charlotte', 'Bury', 'Two', 'volumes', 'New', 'York']"
1926,124750476,['Charlotte']
1927,124750476,"['de', 'StaRl']"
1928,124750476,"['Char', 'lotte', 'Bury']"
1929,124750476,['Burney']
1930,124750476,"['Charlotte', 'Bury']"
1931,89634692,['Kenible']
1932,89634692,['Lowell']
1933,89634692,['Norton']
1934,89634692,['Browning']
1935,89634692,['Wriglit']
1936,89634692,"['Browninig', 'Readers']"
1937,89634692,['Trenchl']
1938,89634692,['Thompson']
1939,89634692,['Cowell']
1940,89634692,['Kemnble']
1941,89634692,['Keiiible']
1942,89634692,['Tlioinpsoii']
1943,89634692,['Wriglht']
1944,89634692,['Brownings']
1945,89634692,['Fame']
1946,124902507,['Morley']
1947,124902507,['Skeat']
1948,89678779,['Yeats']
1949,124899209,['Walsh']
1950,89688826,"['L', 'Russell']"
1951,89688826,['Russell']
1952,124908327,['Tames']
1953,124908327,['James']
1954,124908327,"['Samuel', 'Baker']"
1955,90556551,['Trowbridge']
1956,90556551,"['Howells', 'Modern', 'Instance']"
1957,89666586,"['Max', 'Nordau']"
1958,89666586,['Kohn']
1959,89666586,"['Mary', 'J', 'Safford']"
1960,89666586,['Kiohn']
1961,90156369,"['F', 'Marion', 'Crawford']"
1962,90156369,"['Augustin', 'Ambrose']"
1963,90156369,['Goddard']
1964,90156369,['Ambrose']
1965,90146355,['Adams']
1966,90146355,['Sparks']
1967,90146355,['Mahon']
1968,90146355,"['W', 'C', 'Ford']"
1969,90146355,"['Abiel', 'Abbot']"
1970,90146355,['Channing']
1971,90146355,['Thayer']
1972,89644181,"['James', 'Paget']"
1973,89644181,['Hutch']
1974,89644181,"['Lauder', 'Brunton']"
1975,89673157,['Ernest']
1976,89673157,['Savage']
1977,89673157,['Hilprecht']
1978,89673157,"['John', 'Henry', 'Haynes']"
1979,89673157,['Haynes']
1980,89673157,['Carnegie']
1981,124740753,"['Laura', 'Stedman']"
1982,124740753,['George']
1983,124740753,['Stedman']
1984,124740753,"['William', 'B', 'Kinney']"
1985,124740753,['Kinney']
1986,89675402,"['Paul', 'Wilstach']"
1987,89675402,['Zenker']
1988,89675402,['Rudersdorffs']
1989,89675402,['Wilstach']
1990,89675402,"['Julia', 'Ward', 'Howe']"
1991,89675402,['Howe']
1992,89675402,"['Rudersdoff', 'gave', 'onl', 'Riehie']"
1993,89675402,['Jordan']
1994,89675402,"['Vincent', 'Crummels']"
1995,89675402,['Rudersdorff']
1996,89675402,"['Joseph', 'Porter', 'KCB']"
1997,89675402,['Chevrial']
1998,89675402,['Karl']
1999,89675402,['Jekyll']
2000,89675402,"['Hyde', 'Richard', 'III', 'Beau', 'Brusimel']"
2001,89675402,['WTilstach']
2002,89675402,['Mansfield']
2003,89675402,"['Beatrice', 'Cameron']"
2004,89673945,['Bellaston']
2005,89673945,['Jekyl']
2006,89681320,"['Woodrow', 'Wilson']"
2007,89681320,['Wilson']
2008,89681320,"['Wilson', 'characterizes', 'Congress']"
2009,90451453,['Hole']
2010,124898571,"['Grace', 'King']"
2011,90614836,"['Frederick', 'Maurice', 'Boston', 'Houxbton', 'Alifflin', 'Co', 'oo', 'IR', 'FREDERICK', 'MAURICE']"
2012,89688108,['Pearn']
2013,89688108,['Blackwvood']
2014,90133147,['Rich']
2015,90133147,['Shaler']
2016,90503761,['Shaw']
2017,90503761,"['Chesterton', 'Perhaps']"
2018,89679279,['Wharton']
2019,89679279,['Atherton']
2020,89679279,['Jewett']
2021,89679279,['Wilkins']
2022,124738804,['Scott']
2023,90300908,['Stoddard']
2024,90300908,['Tennyson']
2025,90588937,['Davis']
2026,90547373,['Wallas']
2027,89673497,['Alackenzie']
2028,89673497,['Mackenzie']
2029,124756351,['Wharton']
2030,124756351,"['Bindloss', 'Anyway']"
2031,89676819,"['Charles', 'W', 'Eliot']"
2032,89676819,['Eliot']
2033,90559186,"['Edward', 'Payson', 'Terhune']"
2034,90559186,['Terhune']
2035,90559186,['Ridpath']
2036,89676561,"['Charles', 'H', 'Haskins']"
2037,89676561,['Haskins']
2038,89676561,['Haskinis']
2039,124740603,['Zang']
2040,124740603,['Zangwill']
2041,124740603,['Hal']
2042,89672338,"['Harry', 'Thurston', 'Peck']"
2043,89671017,['Sulloff']
2044,89671017,['Sulkloff']
2045,90411706,"['Friedricb', 'Deliltzcb', 'tho', 'Prolegomeon']"
2046,90540648,['Beaconsfield']
2047,90540648,['Kebbel']
2048,90604795,"['Luigi', 'Amedeo']"
2049,90562826,['Beard']
2050,90562826,['Wilson']
2051,90562826,['Charles']
2052,89667070,"['J', 'Wood', 'Brown']"
2053,89701538,['Davis']
2054,124743174,['Mallock']
2055,124743174,['Langtry']
2056,124743174,['Cardigan']
2057,124743174,['Downs']
2058,124743174,['Lytton']
2059,124743174,['Stam']
2060,124743174,['Stamford']
2061,124743174,['Stamord']
2062,124743174,['Moles']
2063,124743174,"['de', 'Bathe']"
2064,124743174,"['Cornwaliis', 'West']"
2065,90575051,"['Otis', 'Cary']"
2066,90575051,['Cary']
2067,90575051,"['De', 'Forest']"
2068,90575051,['Gale']
2069,90549015,['Washburn']
2070,90532864,['Porter']
2071,90604209,"['Charles', 'Lobingier']"
2072,90604209,['Lobingier']
2073,90589305,['James']
2074,90599245,['Neilsmmn']
2075,90566297,"['Rubert', 'W', 'Boyce']"
2076,90566297,"['Rubert', 'Boyce']"
2077,90566297,"['Theobold', 'Smith']"
2078,90566297,['Smith']
2079,90566297,['Boyce']
2080,89679314,"['Ludwig', 'Lewisohn']"
2081,89679314,"['Archibald', 'Hender']"
2082,89679314,['Lewisolm']
2083,89679314,['Lewisoln']
2084,89679314,['Lewisolin']
2085,89679314,"['Lewisohn', 'displays', 'Especial']"
2086,89679314,['Hen']
2087,89679314,['Dickinson']
2088,89681588,"['Woods', 'Hutchinson']"
2089,89681588,['Hutchinson']
2090,90589273,['McCarthy']
2091,90533982,['Shaw']
2092,89670870,['Taylor']
2093,89691754,"['Padraic', 'Colum']"
2094,89691754,['Millay']
2095,90609027,"['May', 'Sinclair']"
2096,90609027,['Clephane']
2097,89679136,"['Ii', 'tributes', 'Addingtoni', 'Bruce']"
2098,89677824,"['Albert', 'Mordell']"
2099,89677824,"['Johnson', 'edited', 'Shakespeare']"
2100,89677824,['Mordell']
2101,89670790,['Godkin']
2102,89670790,['Ogden']
2103,89670790,['Bryce']
2104,89670790,"['Godlin', 'reached', 'America']"
2105,89670790,['Marcy']
2106,89670790,['Palmerston']
2107,89670790,['Godlin']
2108,89670790,['Godlkin']
2109,89670790,"['Henry', 'Adams']"
2110,89670790,['God']
2111,89670790,['Norton']
2112,90665428,['Jim']
2113,90665428,['Slack']
2114,90665428,"['Henry', 'James']"
2115,89679385,"['Laura', 'de', 'Gozdawa', 'Turczynowicz']"
2116,89679385,['Blackwell']
2117,90591709,['Airnes']
2118,90591709,['Aimes']
2119,90609561,['Tinker']
2120,90609561,"['R', 'B', 'Adams']"
2121,90620092,['Scammon']
2122,90620092,"['La', 'Farge']"
2123,89691242,['Hadley']
2124,124741526,['Bostelnann']
2125,124741526,['Toby']
2126,124741526,"['Andrew', 'Aguccheek', 'Ben', 'Jonson']"
2127,124741526,"['Toby', 'Belch']"
2128,124741526,['Bostelmaun']
2129,124741526,"['P', 'treats', 'unfairly', 'IHis']"
2130,124741526,['Lee']
2131,124741526,['Roger']
2132,90275826,['Mattbews']
2133,89679072,"['Van', 'ATyck', 'Brooks']"
2134,89679072,['Brooks']
2135,89679072,['Coninigton']
2136,124756330,['Kipling']
2137,124756330,['Thompson']
2138,124756330,['Roberts']
2139,124756897,['Harpers']
2140,124756897,['Godfrey']
2141,124756897,['Hervey']
2142,124756897,['Gil']
2143,124756897,"['Temple', 'Smith']"
2144,124756897,"['Roger', 'Redway']"
2145,89690092,['Bryant']
2146,89690092,"['Joshua', 'Reynolds', 'Damn', 'paint', 'Aside']"
2147,124747056,['Cleveland']
2148,124752078,['XV']
2149,89667009,"['H', 'J', 'Mozans']"
2150,89667009,['Roosevelt']
2151,89667009,['Mozans']
2152,89667009,['Mozanis']
2153,89667009,['Roose']
2154,89686889,['Russell']
2155,89678247,['Berenson']
2156,89678247,['Platt']
2157,89678247,['Morgan']
2158,89678247,['Lehman']
2159,89678247,['Gardner']
2160,89678247,"['Augustus', 'Healy']"
2161,89678247,['Frick']
2162,89678247,['Johnson']
2163,89678247,['Salomon']
2164,89678247,['Willys']
2165,89678247,['Beren']
2166,89678247,['Walters']
2167,89678247,['Blumenthal']
2168,89689564,"['W', 'F', 'Willoughby']"
2169,89689564,['Willoughby']
2170,89682855,['Monkshood']
2171,89685837,"['Long', 'accompanies', 'Lewis', 'Carroll']"
2172,89685837,['Long']
2173,124737758,"['Leopold', 'Auer']"
2174,124737758,['Auer']
2175,124746766,['Hewlett']
2176,124746766,"['Mary', 'Middleham', 'Unquestionably']"
2177,124746766,['Senhouse']
2178,124746766,['Shrapnel']
2179,89676468,['Salzmann']
2180,89683002,['Aiken']
2181,89683002,"['De', 'Casseres']"
2182,90609764,"['Peter', 'Vibart']"
2183,90609764,['Farnol']
2184,124748282,['Franck']
2185,90529502,"['Figgis', 'Bross', 'Lectures']"
2186,90529502,"['Figgis', 'recognizes', 'Nietzsche']"
2187,90529502,['Figgis']
2188,90559844,"['Paul', 'Carus']"
2189,90559844,['Carus']
2190,89678487,['Severance']
2191,89678487,"['Wil', 'liam', 'Johnson']"
2192,89677618,"['G', 'W', 'E', 'Russell', 'Scribner']"
2193,89677618,['Russell']
2194,124747485,['Galsworthy']
2195,89685088,['Brandes']
2196,89688150,['Kolbe']
2197,124745601,"['Compton', 'Mackenzie']"
2198,124745601,['Mackenzie']
2199,124745601,"['Clement', 'K', 'Shorter']"
2200,124745601,"['de', 'Conde']"
2201,124745601,['Corydon']
2202,124745601,"['W', 'J', 'Locke']"
2203,124745601,"['Charles', 'Cunningham']"
2204,124745601,['Gainsborough']
2205,124744764,['Neihardt']
2206,124744764,['Wilson']
2207,124742856,['Moses']
2208,124742856,['Quex']
2209,90549571,['Hergesheimer']
2210,90147794,['James']
2211,90540888,['Selfridge']
2212,89693369,['Douglas']
2213,89677584,"['Lucy', 'Lilian', 'Notestein']"
2214,89677584,"['Waldo', 'Hilary', 'Dunn']"
2215,89677584,"['Margaret', 'Ashmun']"
2216,89677584,"['Jack', 'London', 'Mfr', 'William', 'Allen', 'White']"
2217,89677584,['Ashinun']
2218,89683529,"['William', 'Smith']"
2219,89680932,['Stork']
2220,89685693,"['George', 'Younghusband', 'Dutton']"
2221,89685693,['Roberts']
2222,89680986,['Bovary']
2223,89684399,['Harper']
2224,89684399,['Pankhurst']
2225,89678124,"['Britling', 'Sees', 'Spooks', 'GOD']"
2226,89678124,['Chesterton']
2227,89678124,['Wells']
2228,89678124,"['Joseph', 'Cook']"
2229,89678124,"['Billy', 'Sunday']"
2230,90128643,"['Bernard', 'Longueville']"
2231,90128643,['James']
2232,90128643,['Vivien']
2233,90128643,['Longueville']
2234,90128643,"['Gordon', 'Wright']"
2235,124741125,"['Philip', 'Ainsworth', 'Means']"
2236,124741125,['Means']
2237,89695103,['Grandgent']
2238,89693206,"['Dos', 'Passos']"
2239,89693206,"['Coningsby', 'Dawson']"
2240,124737213,['Wells']
2241,89682825,['Johnson']
2242,124744370,['Baker']
2243,124742032,['Ley']
2244,124742032,['Watson']
2245,124742032,"['Blessington', 'Mary', 'Boyle', 'Clarkson', 'Stanfield']"
2246,124742032,['Macaulay']
2247,124742032,"['W', 'H', 'Brookfield']"
2248,89687822,['Stone']
2249,89683524,['Loeb']
2250,89683524,['Legrand']
2251,89698318,['Wright']
2252,89692873,"['Brooks', 'Bazalgette']"
2253,89692873,['Greeley']
2254,89692873,['Brooks']
2255,89688226,['Wells']
2256,89689062,"['H', 'L', 'Mencken']"
2257,89689062,['Lewis']
2258,89689062,['Mencken']
2259,89689062,['Pickerbaugh']
2260,89689062,['Gottlieb']
2261,89689062,"['Paul', 'H', 'DeKruif']"
2262,89689062,['DeKruif']
2263,124744159,['Abbot']
2264,89703864,['Dove']
2265,89965396,['Slosson']
2266,89684011,['Murray']
2267,89684011,['Mur']
2268,90652904,['Osler']
2269,90652904,['Cushing']
2270,124741158,['Balkin']
2271,124741158,"['Wilson', 'Colonel', 'Roose']"
2272,124741158,"['Taft', 'Henry', 'Ford', 'J', 'P', 'Morgan', 'Champ', 'Clark', 'General', 'Per', 'shing', 'Keir', 'Hardie', 'Herbert', 'Hoover', 'Mae', 'Marsh', 'Kitchener']"
2273,124741158,['Wilson']
2274,90570970,['Edie']
2275,124739162,['London']
2276,89682736,['Hux']
2277,89682736,['Huxley']
2278,89682736,['Priscilla']
2279,89682736,['Scogan']
2280,89682736,['Keith']
2281,89682736,['Douglas']
2282,89682736,"['Huxley', 'Listen']"
2283,89682736,"['Scogan', 'BottlesT']"
2284,89682736,"['Pearsall', 'Smith']"
2285,89689217,"['Clarence', 'Day']"
2286,89689217,['Day']
2287,89689217,"['Humphry', 'Ward']"
2288,124740211,['Arnold']
2289,124740211,['Osborne']
2290,89685317,"['Festing', 'Jones']"
2291,89685317,['Savage']
2292,89685317,"['Eliza', 'Mary', 'Ann', 'Savage']"
2293,89685317,"['Festrng', 'Jones']"
2294,89685317,['Jones']
2295,124738279,"['Lloyd', 'George']"
2296,124738279,"['Joyce', 'Burge']"
2297,124738279,['Asquith']
2298,124738279,['Wells']
2299,124738279,['Kipling']
2300,90635155,['Hall']
2301,90635155,"['Henry', 'Taylor']"
2302,124739189,"['Lowell', 'PERHAPS', 'Amy', 'Lowell']"
2303,124739189,['Lowell']
2304,124740842,['Klein']
2305,124740842,['Cederstrnm']
2306,124737996,['Morton']
2307,90572624,['God']
2308,90572624,"['God', 'giving', 'Peter']"
2309,90572624,"['Peter', 'Stubland']"
2310,90572624,['Toad']
2311,90572624,['Peter']
2312,90572624,['Britling']
2313,90572624,['Wells']
2314,89686244,['Coolidge']
2315,124740912,['Miller']
2316,89683399,['Masefield']
2317,89683399,['Mase']
2318,124739991,['Ellis']
2319,89681743,['Swinnerton']
2320,89696000,"['Reginald', 'Peacock']"
2321,89994342,['Dodd']
2322,89994342,['Wilson']
2323,89994342,"['William', 'E', 'Dodd', 'Doubleday', 'Page', 'Co']"
2324,90594769,['Emeritus']
2325,90594769,['Mavor']
2326,90594769,['Coolidge']
2327,90594769,['Pound']
2328,90594769,"['Adam', 'Beck']"
2329,124739106,['Weaver']
2330,89690362,['Moon']
2331,89690362,['Lowell']
2332,89690362,['Conklinges']
2333,89680041,['Fyodor']
2334,89680041,"['Fyodor', 'dictates', 'Deacon', 'Liubimov']"
2335,89679565,['Underhill']
2336,89679565,['Hamlet']
2337,89997087,"['William', 'Stearns', 'Davis']"
2338,89997087,['Davis']
2339,89977217,"['Gilbert', 'Keith', 'Chesterton']"
2340,89977217,['Chesterton']
2341,89967886,['Harry']
2342,89967886,['Brent']
2343,89967886,['Grant']
2344,89967886,['Marshall']
2345,89967886,['Phelps']
2346,90653690,['Franck']
2347,90653690,"['Laurence', 'Binyon']"
2348,124740032,['Galsworthy']
